brand,product_name,price_usd,product_category,customer_rating,customer_rating_count,app_connectivity,short_description,long_description,plaque_claims,gum_claims,brush_modes_count,product_url
Oral-B,"Oral-B iO Series 9 Genius Rechargeable Electric Toothbrush, Sapphire Blue",160.0,Electric Toothbrush,3.9,327,Yes,The iO Series 9 electric toothbrush delivers a more personalized and professional clean for 100% cleaner teeth and healthier gums than a manual toothbrush.,"Our dentist-inspired round brush head reaches deep between teeth to remove 100% more plaque than a regular manual toothbrush. Protect your gums and enamel from overbrushing with the Smart Pressure Sensor, which lets you know if you're brushing too hard, too soft, or just right for a safe and effective clean. Experience the interactive color display that visually communicates your mode setting, charging status, 2-minute timer, and additional features. Enhance your brushing habits and achieve a complete clean by connecting to the Oral-B App, which uses smart brushing recognition and 3D Teeth Tracking to help guide whole mouth coverage. The Oral-B iO Magnetic Charger delivers a full charge in just ~3 hours. Oral-B is the #1 dentist-recommended toothbrush brand worldwide. Our 30-day money-back guarantee means you can switch to Oral-B electric toothbrushes carefree.",Our dentist-inspired round brush head reaches deep between teeth to remove 100% more plaque than a regular manual toothbrush.,"Protect your gums and enamel from overbrushing with the Smart Pressure Sensor, which lets you know if you're brushing too hard, too soft, or just right for a safe and effective clean.",not found in sources,https://oralb.com/en-us/products/electric-toothbrushes/oral-b-io-series-9-genius-rechargeable-electric-toothbrush-sapphire-blue
Oral-B,"iO Series 2 Rechargeable Electric Toothbrush Starter Kit, Forest Green",20.0,Electric Toothbrush,4.7,763,not found in sources,The iO is Oral-B’s best technology: Clinically Proven 400% More Plaque Removal Along Gumline versus a regular manual toothbrush.,"The iO Series 2 removes 100% more plaque even in hard-to-reach areas vs. a regular manual toothbrush with Oral-B’s iO technology: tough on plaque, gentle on gums. The iO Series 2 is designed for an easy switch to electric toothbrushes from manual toothbrushes with a one-touch button, quiet sound, long-lasting battery, and it starts on the super-sensitive cleaning setting that’s gentle on your gums. Protect your gums with the automatic gum pressure sensor that slows down the speed and signals red when you brush too hard. 3 cleaning settings/brushing modes to easily choose your perfect clean: super-sensitive for sensitive teeth, gentle for gum care, and daily clean for that dentist clean feeling Brush for dentist-recommended time with 2-minute brush timer that alerts you every 30 seconds to change your brushing zone. Fits all Oral-B iO replacement brush heads: Ultimate Clean, Gum & Sensitive, Ultimate White, Targeted Clean Long-lasting battery: 1 charge lasts 4 weeks, making it great for travel. It also has a low-charge indicator, so you’ll know when it’s time to recharge. Oral-B is the most recommended brand by dentists worldwide We offer a 30-day money-back guarantee so you can switch to Oral-B electric toothbrushes carefree","The iO Series 2 removes 100% more plaque even in hard-to-reach areas vs. | a regular manual toothbrush with Oral-B’s iO technology: tough on plaque, gentle on gums.","a regular manual toothbrush with Oral-B’s iO technology: tough on plaque, gentle on gums. | The iO Series 2 is designed for an easy switch to electric toothbrushes from manual toothbrushes with a one-touch button, quiet sound, long-lasting battery, and it starts on the super-sensitive cleaning setting that’s gentle on your gums. | Protect your gums with the automatic gum pressure sensor that slows down the speed and signals red when you brush too hard. | 3 cleaning settings/brushing modes to easily choose your perfect clean: super-sensitive for sensitive teeth, gentle for gum care, and daily clean for that dentist clean feeling Brush for dentist-recommended time with 2-minute brush timer that alerts you every 30 seconds to change your brushing zone. | Fits all Oral-B iO replacement brush heads: Ultimate Clean, Gum & Sensitive, Ultimate White, Targeted Clean Long-lasting battery: 1 charge lasts 4 weeks, making it great for travel.",not found in sources,https://oralb.com/en-us/products/electric-toothbrushes/io-series-2-rechargeable-electric-toothbrush-starter-kit-forest-green
Oral-B,"iO Series 10 Rechargeable Electric Toothbrush, Cosmic Black",399.99,Electric Toothbrush,3.6,105,Yes,"iO Series 10 cosmic black electric toothbrush with new revolutionary iO Sense™️ smart charger personalizes your brushing with real-time feedback, guiding you for perfect coverage, brushing time and brushing pressure for a delightfully effortless clean.","Switch to Oral-B’s most advanced technology for 100% more plaque removal in just 1 week and even 4X more along the gumline vs. a manual brush. The iO dentist-inspired round brush head helps deliver whiter teeth from day one by removing hard-to-reach surface stains. Replace your Oral-B iO Series Replacement Brush Head every 3 months for the best results. The iO Sense™ smart charger provides real-time coverage, time, and pressure guidance directly via the smart charger without opening the Oral-B app. Our position detection tracks where you brush across all 3 surfaces of your teeth to help maximize your coverage. Brush on the go with the convenient charging travel case and the 3 hour fast charger. The display always tracks your battery level so you know when it’s time to recharge. Protect your gums with the iO smart pressure sensor that signals if you brush too hard, too soft, or just right for an effective and safe clean. Switch to Oral-B electric toothbrushes with confidence. We offer a 30-day money-back guarantee.",Switch to Oral-B’s most advanced technology for 100% more plaque removal in just 1 week and even 4X more along the gumline vs.,"Switch to Oral-B’s most advanced technology for 100% more plaque removal in just 1 week and even 4X more along the gumline vs. | Protect your gums with the iO smart pressure sensor that signals if you brush too hard, too soft, or just right for an effective and safe clean.",not found in sources,https://oralb.com/en-us/products/electric-toothbrushes/io-series-10-rechargeable-electric-toothbrush-cosmic-black
Oral-B,"iO Series 8 Electric Toothbrush, Violet Ametrine",249.99,Electric Toothbrush,4.3,222,Yes,"The Oral-B iO Series 8 (Violet Ametrine) combines powerful, but gentle micro-vibrations for a professional clean feeling every day.","In just 1 week REMOVE 100% MORE PLAQUE and GET 3X HEALTHIER GUMS* switching to ORAL-B’s MOST ADVANCED TECHNOLOGY *vs a manual brush. KEEP YOUR MOUTH HEALTHIER FOR LONGER! Join 8 out of 10 people that became better brushers thanks to iO PERSONALIZED GUIDANCE in just 1 week. 6 SMART MODES FOR PERSONALIZED BRUSHING: Daily Clean, Whitening, Gum Care, Sensitive, Intense, and Super Sensitive NEVER MISS A SPOT with the A.I. POWERED ORAL-B APP that tracks how and where you brush in real-time and coaches you TO BECOME A BETTER BRUSHER. PROTECT YOUR GUMS WITH iO PRESSURE SENSOR, Oral-B's only one to signal if you brush TOO HARD, TOO SOFT or JUST RIGHT for an effective and safe clean. BRUSH CONVENIENTLY on the go with the 3H FAST CHARGER and TRAVEL CASE. Display always track your battery level. Oral-B ROUND brush heads REACH WHERE RECTANGULAR manual brushes DON'T. Experience our BEST CLEAN from Oral-B, #1 brand most used by dentists worldwide. SWITCH TO ORAL-B ELECTRIC TOOTHBRUSHES CAREFREE. We offer 30-day money-back guarantee. Full T&Cs and redemption at Oral-B official website.",In just 1 week REMOVE 100% MORE PLAQUE and GET 3X HEALTHIER GUMS* switching to ORAL-B’s MOST ADVANCED TECHNOLOGY *vs a manual brush.,"In just 1 week REMOVE 100% MORE PLAQUE and GET 3X HEALTHIER GUMS* switching to ORAL-B’s MOST ADVANCED TECHNOLOGY *vs a manual brush. | 6 SMART MODES FOR PERSONALIZED BRUSHING: Daily Clean, Whitening, Gum Care, Sensitive, Intense, and Super Sensitive NEVER MISS A SPOT with the A.I. | PROTECT YOUR GUMS WITH iO PRESSURE SENSOR, Oral-B's only one to signal if you brush TOO HARD, TOO SOFT or JUST RIGHT for an effective and safe clean.",6.0,https://oralb.com/en-us/products/electric-toothbrushes/io-series-8-electric-toothbrush-violet-ametrine
Oral-B,"iO Series 7 Electric Toothbrush, Black Onyx",219.99,Electric Toothbrush,4.3,271,Yes,"The Oral-B iO Series 7 combines powerful, but gentle micro-vibrations for a professional clean feeling every day. Available in black onyx.","Round Cleans Better. The dentist-inspired round brush head reaches deep between teeth to remove 100% more plaque*. Protect your gums and enamel from overbrushing with the Smart Pressure Sensor designed to display red when brushing too hard, white when brushing too light, and green when brushing just right. Enjoy an Interactive Black & White Display which visually communicates mode setting, charging progress, 2-minute brushing timer, and more. Get a uniquely personalized clean with 5 Smart Brushing Modes including Daily Clean, Whiten, Gum Care, Sensitive, and Intense. Get a complete clean by covering every surface of each tooth with A.I. Brushing Recognition and 3D Teeth Tracking to improve your brushing habits by connecting to the Oral-B App. Powered by a click-in-place Magnetic Charger that delivers a full charge in just ~3 hours. Easily keep your toothbrush and brush heads safe and clean with the Premium Travel Case.",The dentist-inspired round brush head reaches deep between teeth to remove 100% more plaque*.,"Protect your gums and enamel from overbrushing with the Smart Pressure Sensor designed to display red when brushing too hard, white when brushing too light, and green when brushing just right. | Get a uniquely personalized clean with 5 Smart Brushing Modes including Daily Clean, Whiten, Gum Care, Sensitive, and Intense.",5.0,https://oralb.com/en-us/products/electric-toothbrushes/io-series-7-electric-toothbrush-black
Oral-B,"Oral-B iO Series 6 Electric Toothbrush, Grey Opal",159.99,Electric Toothbrush,4.3,198,Yes,"The Oral-B iO Series 6 electric toothbrush utilizes powerful, yet gentle micro-vibrations with a unique round brush head for a professional clean feeling every day. Available in grey opal.","Advanced iO Technology delivers 100% cleaner teeth and healthier gums in just 1 week versus a regular manual toothbrush. Oral-B’s smart brushing features power the perfect clean: display to select cleaning modes, track your brushing time, replace refill head on time, and track battery level. The Oral-B app tracks how and where you brush in real time, helping you brush for the dentist-recommended two minutes. Never worry about brushing too hard again with the iO’s Smart Pressure Sensor that helps protect your teeth and gums. Oral-B round brush heads reach where rectangular manual brushes can’t for your best clean from Oral-B, #1 brand most used by dentists worldwide. Oral-B’s long-lasting lithium-ion battery is designed for extended use between charges and is great for travel. It also has a low-charge indicator, so you’ll know when it’s time to recharge. We offer a 30-day money-back guarantee so you can switch to Oral-B electric toothbrushes carefree.",not found in sources,Advanced iO Technology delivers 100% cleaner teeth and healthier gums in just 1 week versus a regular manual toothbrush. | Never worry about brushing too hard again with the iO’s Smart Pressure Sensor that helps protect your teeth and gums.,not found in sources,https://oralb.com/en-us/products/electric-toothbrushes/oral-b-io-series-6-electric-toothbrush-grey-opal
Oral-B,"Oral-B iO Series 5 Customizable Clean Rechargeable Electric Toothbrush, Matte Black",119.99,Electric Toothbrush,4.5,302,not found in sources,The iO is Oral-B’s best technology: Clinically Proven 100% Cleaner teeth & healthier gums in 1 week versus a regular manual toothbrush.,"Remove 100% more plaque and even 2.5X as much in between teeth with Oral-B’s most advanced technology for healthier gums in 1 week (vs a manual brush). Oral-B’s app tracks how and where you brush in real time, so you never miss a spot. Oral-B's iO pressure sensor signals if you brush too hard, too soft, or just right for an effective and safe clean while protecting your gums. Brush with confidence using the built-in 2-minute timer, designed to help you brush for the dentist-recommended amount of time. Dentist-designed Oral-B round brush heads reach where manual rectangular brushes don’t. Equipped with a Brush Head Tracker so you’re always getting a maximum clean. Long-lasting lithium-ion battery is great for travel. It also has a low-charge indicator, so you’ll know when it’s time to recharge. Switch to Oral-B Electric Toothbrushes carefree. We offer a 30-day money-back guarantee. Oral-B is the #1 brand most used by dentists worldwide.",Remove 100% more plaque and even 2.5X as much in between teeth with Oral-B’s most advanced technology for healthier gums in 1 week (vs a manual brush).,"Remove 100% more plaque and even 2.5X as much in between teeth with Oral-B’s most advanced technology for healthier gums in 1 week (vs a manual brush). | Oral-B's iO pressure sensor signals if you brush too hard, too soft, or just right for an effective and safe clean while protecting your gums.",not found in sources,https://oralb.com/en-us/products/electric-toothbrushes/oral-b-io-series-5-customizable-clean-rechargeable-electric-toothbrush-matte-black
Oral-B,"Oral-B iO Series 4 Rechargeable Electric Toothbrush, Matte White",99.99,Electric Toothbrush,4.6,294,Yes,The iO is Oral-B’s best technology: Clinically Proven 500% More Plaque Removal Along Gumline versus a manual toothbrush.,"FOR HEALTHIER GUMS IN JUST 1 WEEK remove 100% more plaque and even 2.5X in between teeth* with ORAL-B MOST ADVANCED TECHNOLOGY *vs a manual brush. TRACK AND IMPROVE YOUR BRUSHING HABITS over time with ORAL-B APP through performance reports, journeys, and goals. PROTECT YOUR GUMS WITH iO PRESSURE SENSOR, Oral-B's only one to signal if you are applying the PERFECT PRESSURE for an effective and safe clean. PERSONALIZE YOUR BRUSHING choosing among 4 CLEANING MODES: Daily Clean, Sensitive, Super-Sensitive, Whitening. Always MAXIMIZE YOUR CLEAN with iO LIGHTRING TIMER - that celebrates a dentist recommended 2-minute brush - and REFILL CHANGE ALERT. Oral-B ROUND brush heads REACH WHERE RECTANGULAR manual brushes DON'T. Experience our BEST CLEAN from Oral-B, #1 brand most used by dentists worldwide. Benefit from a LONG-LASTING CHARGE with the Lithium-ion battery. SWITCH TO ORAL-B ELECTRIC TOOTHBRUSHES CAREFREE. We offer 60-day money-back guarantee. Full T&Cs and redemption at Oral-B official website For your best results and the best brushing experience, download the Oral-B App, connect your toothbrush, and keep it up to date. Dentists recommend replacing your brush head every 3 months or sooner if it becomes worn for an optimal clean. Compatible only with Oral-B iO Replacement Brush Heads.",FOR HEALTHIER GUMS IN JUST 1 WEEK remove 100% more plaque and even 2.5X in between teeth* with ORAL-B MOST ADVANCED TECHNOLOGY *vs a manual brush.,"FOR HEALTHIER GUMS IN JUST 1 WEEK remove 100% more plaque and even 2.5X in between teeth* with ORAL-B MOST ADVANCED TECHNOLOGY *vs a manual brush. | PROTECT YOUR GUMS WITH iO PRESSURE SENSOR, Oral-B's only one to signal if you are applying the PERFECT PRESSURE for an effective and safe clean.",4.0,https://oralb.com/en-us/products/electric-toothbrushes/oral-b-io-series-4-rechargeable-electric-toothbrush-matte-white
Oral-B,"Oral-B iO Series 3 Clean & Protect Rechargeable Electric Toothbrush, Azalea Pink",89.99,Electric Toothbrush,5.0,1,not found in sources,The Oral-B iO Series 3 electric toothbrush combines oscillation-rotation movements and powerful but gentle micro-vibrations with Oral-B’s dentist-inspired round brush head to deliver 100% cleaner teeth and healthier gums in just 1 week versus a regular manual toothbrush.,"Remove 100% more plaque (vs a manual toothbrush) for healthier gums in just 1 week. Protect your gums with the visible iO pressure sensor, which helps guide you by signaling when you're brushing with too little, the right amount of, or too much pressure. Brush with confidence using the built-in 2-minute timer, designed to help you brush for the dentist-recommended amount of time. Personalize your brushing with 3 different cleaning modes: Daily Clean, Sensitive, Whitening. Oral-B round brush heads reach where rectangular manual brushes don't. The long-lasting lithium-ion battery helps power your brushing routine between charges, and the low-charge indicator lets you know when it's time to recharge. Oral-B is the most recommended brand by dentists worldwide We offer a 30-day money-back guarantee so you can switch to Oral-B electric toothbrushes carefree. Full T&Cs and redemption details here (https://oralb.com/en-us/faq-help-center/).",Remove 100% more plaque (vs a manual toothbrush) for healthier gums in just 1 week.,"Remove 100% more plaque (vs a manual toothbrush) for healthier gums in just 1 week. | Protect your gums with the visible iO pressure sensor, which helps guide you by signaling when you're brushing with too little, the right amount of, or too much pressure.",3.0,https://oralb.com/en-us/products/electric-toothbrushes/oral-b-io-series-3-clean-protect-rechargeable-electric-toothbrush-azalea-pink
Oral-B,"Oral-B iO Series 2 Clean & Protect Rechargeable Electric Toothbrush Starter Kit, Night Black",44.99,Electric Toothbrush,4.7,763,not found in sources,The Oral-B iO Series 2 combines powerful yet gentle micro-vibrations with Oral-B's dentist-inspired round brush head to deliver 100% cleaner teeth versus a regular manual toothbrush.,email Colors: Add refill Toothbrush Only Toothbrush + Brush Heads $44.99 More Information What's in the box Featured in Warranty Information,not found in sources,not found in sources,not found in sources,https://oralb.com/en-us/products/electric-toothbrushes/oral-b-io-series-2-clean-protect-rechargeable-electric-toothbrush-starter-kit-night-black
